<?xml version="1.0" encoding="UTF-8" standalone="yes"?>
<addon 	id="plugin.video.nationplay.matrix"
	name="[B]NATION PLAY[/B]"
	version="1.0.1"
	provider-name="Equipe NATION">
<requires>
    <import addon="xbmc.python" version="3.0.0"/>
    <import addon="script.module.requests"/>
    <import addon="script.module.simplejson"/>
	<import addon="script.module.kodi-six" />
	<import addon="script.module.resolveurl" optional="true"/>
	<import addon="script.module.urlresolver" optional="true"/>
	<import addon="script.module.cloudscraper" optional="true"/>
	<import addon="script.module.inputstreamhelper" optional="true"/>
	<import addon="script.module.slproxy" optional="true"/>
</requires>  
<extension point="xbmc.python.pluginsource" library="default.py">
	<provides>video</provides>
</extension>

<extension point="xbmc.addon.repository" name="Repositório Exemplo">
	<info compressed="false"></info>
	<checksum></checksum>
    <datadir zip="true"></datadir>
</extension>

<extension point="xbmc.addon.metadata">
    <summary lang="en">Filmes, séries e cursos em torrent</summary>
	<description lang="en">Addon atualizando frequentemente, todos os links são encontrados na internet e separados. Não hospedamos nada!!! Addon de código aberto</description>
	<disclaimer lang="en">Não fazemos parte da equipe do kodi, utilizamos links de terceiros, portanto não nos responsabilizamos por eles.</disclaimer>
	 	<news>
v1.0.1
Filmes - Atualizado
Desenhos - Atualizado
Anines - Atualizado

V1.0.0 - Addon de código aberto.
Lançado addon novo.
</news>
	<platform>all</platform>
    <assets>
	<icon>icon.jpg</icon>
    <fanart>fanart.jpg</fanart>
    <screenshot>resources/screenshots/01.png</screenshot>
    <screenshot>resources/screenshots/02.png</screenshot>
    <screenshot>resources/screenshots/03.png</screenshot>
    <screenshot>resources/screenshots/04.png</screenshot>

    </assets>
</extension>
</addon>




